"Specimen","Site","Tooth","Sample","Dist","d13C","d18O","C.Error","O.Error"
"ROU.08","ROU","M2","ROU8 M2-1",33.11,-15.44,-4.71,0.03,0.09
"ROU.08","ROU","M2","ROU8 M2-2",31.72,-15.49,-4.65,0.03,0.09
"ROU.08","ROU","M2","ROU8 M2-3",30.65,-15.67,-4.62,0.03,0.09
"ROU.08","ROU","M2","ROU8 M2-4",29.53,-15.77,-4.56,0.03,0.09
"ROU.08","ROU","M2","ROU8 M2-5",28.38,-15.91,-4.53,0.03,0.09
"ROU.08","ROU","M2","ROU8 M2-6",27.22,-15.87,-4.32,0.03,0.09
"ROU.08","ROU","M2","ROU8 M2-7",26,-15.92,-3.93,0.03,0.09
"ROU.08","ROU","M2","ROU8 M2-8",24.59,-15.99,-4.17,0.03,0.09
"ROU.08","ROU","M2","ROU8 M2-9",23.55,-16,-4.02,0.03,0.09
"ROU.08","ROU","M2","ROU8 M2-10",22.49,-15.81,-4.03,0.03,0.09
"ROU.08","ROU","M2","ROU8 M2-11",21.38,-16.07,-3.71,0.03,0.09
"ROU.08","ROU","M2","ROU8 M2-12",20.34,-16.21,-3.36,0.03,0.09
"ROU.08","ROU","M2","ROU8 M2-13",19.37,-16.21,-3.13,0.03,0.09
"ROU.08","ROU","M2","ROU8 M2-14",18.27,-16.22,-2.9,0.03,0.09
"ROU.08","ROU","M2","ROU8 M2-15",17.37,-16.23,-2.8,0.03,0.09
"ROU.08","ROU","M2","ROU8 M2-16",16.23,-16.36,-2.6,0.03,0.09
"ROU.08","ROU","M2","ROU8 M2-17",15.11,-16.21,-2.29,0.03,0.09
"ROU.08","ROU","M2","ROU8 M2-18",13.93,-16.34,-2.29,0.03,0.09
"ROU.08","ROU","M2","ROU8 M2-19",12.73,-16.17,-2.11,0.03,0.09
"ROU.08","ROU","M2","ROU8 M2-20",11.64,-16.36,-2.02,0.03,0.09
"ROU.08","ROU","M2","ROU8 M2-21",10.57,-16.36,-2.08,0.03,0.09
"ROU.08","ROU","M2","ROU8 M2-22",9.47,-16.15,-2.12,0.03,0.09
"ROU.08","ROU","M2","ROU8 M2-23",8.27,-16.05,-2.37,0.03,0.09
"ROU.08","ROU","M2","ROU8 M2-24",7.09,-16.18,-2.61,0.03,0.09
"ROU.08","ROU","M2","ROU8 M2-25",6.03,-15.99,-2.74,0.03,0.09
"ROU.08","ROU","M2","ROU8 M2-26",5,-15.82,-2.87,0.03,0.09
"ROU.08","ROU","M2","ROU8 M2-27",3.9,-15.26,-3.22,0.03,0.09
"ROU.06","ROU","M2","ROU6 M2-1",37.1,-15.11,-3.86,0.03,0.09
"ROU.06","ROU","M2","ROU6 M2-2",35.9,-15.5,-4.6,0.03,0.09
"ROU.06","ROU","M2","ROU6 M2-3",34.81,-15.62,-4.93,0.03,0.09
"ROU.06","ROU","M2","ROU6 M2-4",33.47,-15.92,-5.07,0.03,0.09
"ROU.06","ROU","M2","ROU6 M2-5",32.52,-15.85,-5.3,0.03,0.09
"ROU.06","ROU","M2","ROU6 M2-6",31.3,-16.12,-5.28,0.03,0.09
"ROU.06","ROU","M2","ROU6 M2-7",30.15,-16.28,-5.28,0.03,0.09
"ROU.06","ROU","M2","ROU6 M2-8",29.18,-16.33,-5.5,0.03,0.09
"ROU.06","ROU","M2","ROU6 M2-9",27.95,-16.4,-5.71,0.03,0.09
"ROU.06","ROU","M2","ROU6 M2-10",26.83,-16.74,-5.65,0.03,0.09
"ROU.06","ROU","M2","ROU6 M2-11",25.46,-16.51,-5.34,0.03,0.09
"ROU.06","ROU","M2","ROU6 M2-12",24.34,-16.93,-5.32,0.03,0.09
"ROU.06","ROU","M2","ROU6 M2-13",23.1,-16.79,-5.42,0.03,0.09
"ROU.06","ROU","M2","ROU6 M2-14",22.11,-16.87,-4.96,0.03,0.09
"ROU.06","ROU","M2","ROU6 M2-15",20.88,-16.83,-4.86,0.03,0.09
"ROU.06","ROU","M2","ROU6 M2-16",19.68,-16.69,-4.4,0.03,0.09
"ROU.06","ROU","M2","ROU6 M2-17",18.53,-16.78,-4.03,0.03,0.09
"ROU.06","ROU","M2","ROU6 M2-18",17.43,-16.54,-3.8,0.03,0.09
"ROU.06","ROU","M2","ROU6 M2-19",16.33,-16.14,-3.44,0.03,0.09
"ROU.06","ROU","M2","ROU6 M2-20",15.25,-16.22,-3.14,0.03,0.09
"ROU.06","ROU","M2","ROU6 M2-21",14.22,-16.05,-3.19,0.03,0.09
"ROU.06","ROU","M2","ROU6 M2-22",13.16,-15.99,-2.79,0.03,0.09
"ROU.06","ROU","M2","ROU6 M2-23",11.97,-16.1,-2.56,0.03,0.09
"ROU.06","ROU","M2","ROU6 M2-24",10.77,-16.17,-2.42,0.03,0.09
"ROU.06","ROU","M2","ROU6 M2-25",9.8,-16.16,-2.88,0.03,0.09
"ROU.06","ROU","M2","ROU6 M2-26",8.49,-15.79,-2.73,0.03,0.09
"ROU.06","ROU","M2","ROU6 M2-27",7.47,-15.97,-3.09,0.03,0.09
"ROU.06","ROU","M2","ROU6 M2-28",6.29,-16.17,-3.17,0.03,0.09
"ROU.06","ROU","M2","ROU6 M2-29",5.24,-16.11,-3.29,0.03,0.09
"ROU.06","ROU","M2","ROU6 M2-30",4.18,-15.36,-3.58,0.03,0.09
"ROU.06","ROU","M2","ROU6 M2-31",2.99,-14.85,-4.11,0.03,0.09
"ROU.07","ROU","M2","ROU7 M2-2",31.31,-16.47,-3.99,0.03,0.09
"ROU.07","ROU","M2","ROU7 M2-3",30.24,-16.52,-4.23,0.03,0.09
"ROU.07","ROU","M2","ROU7 M2-4",29.19,-16.57,-4.32,0.03,0.09
"ROU.07","ROU","M2","ROU7 M2-5",28.14,-16.55,-4.4,0.03,0.09
"ROU.07","ROU","M2","ROU7 M2-6",27.15,-16.65,-4.26,0.03,0.09
"ROU.07","ROU","M2","ROU7 M2-7",26.03,-16.51,-4.36,0.03,0.09
"ROU.07","ROU","M2","ROU7 M2-8",25,-16.51,-4.61,0.03,0.09
"ROU.07","ROU","M2","ROU7 M2-9",24.1,-16.56,-4.28,0.03,0.09
"ROU.07","ROU","M2","ROU7 M2-10",23,-16.59,-4.21,0.03,0.09
"ROU.07","ROU","M2","ROU7 M2-11",21.99,-16.45,-4.17,0.03,0.09
"ROU.07","ROU","M2","ROU7 M2-12",20.81,-16.4,-3.84,0.03,0.09
"ROU.07","ROU","M2","ROU7 M2-13",19.65,-16.48,-3.56,0.03,0.09
"ROU.07","ROU","M2","ROU7 M2-14",18.62,-16.7,-3.29,0.03,0.09
"ROU.07","ROU","M2","ROU7 M2-15",17.39,-16.74,-3.09,0.03,0.09
"ROU.07","ROU","M2","ROU7 M2-16",16.41,-16.92,-2.86,0.03,0.09
"ROU.07","ROU","M2","ROU7 M2-17",15.41,-16.99,-2.53,0.03,0.09
"ROU.07","ROU","M2","ROU7 M2-18",14.39,-16.85,-2.24,0.03,0.09
"ROU.07","ROU","M2","ROU7 M2-19",13.5,-17.08,-2.14,0.03,0.09
"ROU.07","ROU","M2","ROU7 M2-20",12.6,-16.9,-1.86,0.03,0.09
"ROU.07","ROU","M2","ROU7 M2-21",11.5,-16.89,-1.78,0.03,0.09
"ROU.07","ROU","M2","ROU7 M2-22",10.55,-16.74,-1.73,0.03,0.09
"ROU.07","ROU","M2","ROU7 M2-23",9.6,-16.68,-1.82,0.03,0.09
"ROU.07","ROU","M2","ROU7 M2-24",8.6,-16.59,-1.96,0.03,0.09
"ROU.07","ROU","M2","ROU7 M2-25",7.48,-16.61,-2.32,0.03,0.09
"ROU.18","ROU","M2","ROU 18 M2-1",36.3,-15.46,-3.33,0.03,0.09
"ROU.18","ROU","M2","ROU 18 M2-2",35.15,-15.56,-3.56,0.03,0.09
"ROU.18","ROU","M2","ROU 18 M2-3",33.91,-15.6,-3.59,0.03,0.09
"ROU.18","ROU","M2","ROU 18 M2-4",32.94,-15.79,-3.94,0.03,0.09
"ROU.18","ROU","M2","ROU 18 M2-5",31.41,-15.86,-4.23,0.03,0.09
"ROU.18","ROU","M2","ROU 18 M2-6",30.21,-15.98,-4.59,0.03,0.09
"ROU.18","ROU","M2","ROU 18 M2-7",29.09,-16.13,-4.78,0.03,0.09
"ROU.18","ROU","M2","ROU 18 M2-8",28,-16.1,-4.95,0.03,0.09
"ROU.18","ROU","M2","ROU 18 M2-9",26.95,-16.03,-4.95,0.03,0.09
"ROU.18","ROU","M2","ROU 18 M2-10",25.7,-16.03,-4.91,0.03,0.09
"ROU.18","ROU","M2","ROU 18 M2-11",24.52,-16.06,-5.02,0.03,0.09
"ROU.18","ROU","M2","ROU 18 M2-12",23.37,-16.2,-4.86,0.03,0.09
"ROU.18","ROU","M2","ROU 18 M2-13",22.26,-16.32,-4.45,0.03,0.09
"ROU.18","ROU","M2","ROU 18 M2-14",21.05,-16.46,-4.31,0.03,0.09
"ROU.18","ROU","M2","ROU 18 M2-15",19.97,-16.52,-3.95,0.03,0.09
"ROU.18","ROU","M2","ROU 18 M2-16",18.76,-16.49,-3.5,0.03,0.09
"ROU.18","ROU","M2","ROU 18 M2-17",17.71,-16.49,-3.28,0.03,0.09
"ROU.18","ROU","M2","ROU 18 M2-18",16.59,-16.46,-2.93,0.03,0.09
"ROU.18","ROU","M2","ROU 18 M2-19",15.45,-16.47,-2.76,0.03,0.09
"ROU.18","ROU","M2","ROU 18 M2-20",14.19,-16.37,-2.44,0.03,0.09
"ROU.18","ROU","M2","ROU 18 M2-21",13.18,-16.46,-2.49,0.03,0.09
"ROU.18","ROU","M2","ROU 18 M2-22",11.94,-16.52,-2.33,0.03,0.09
"ROU.18","ROU","M2","ROU 18 M2-23",10.89,-16.45,-2.53,0.03,0.09
"ROU.18","ROU","M2","ROU18 M2-24",9.68,-16.49,-2.44,0.03,0.09
"ROU.18","ROU","M2","ROU 18 M2-25",8.48,-16.52,-2.67,0.03,0.09
"ROU.18","ROU","M2","ROU 18 M2-26",7.24,-16.68,-2.87,0.03,0.09
"ROU.18","ROU","M2","ROU 18 M2-27",6.27,-16.54,-2.85,0.03,0.09
"ROU.18","ROU","M2","ROU 18 M2-28",5.22,-16.49,-2.93,0.03,0.09
"ROU.18","ROU","M2","ROU 18 M2-29",4.26,-16,-3.3,0.03,0.09
"ROU.18","ROU","M2","ROU 18 M2-30",2.95,-14.84,-4.05,0.03,0.09
"ROU.01","ROU","M2","ROU 01 M2-1",28.18,-16.56,-5.58,0.03,0.09
"ROU.01","ROU","M2","ROU 01 M2-2",27.04,-16.94,-6.06,0.03,0.09
"ROU.01","ROU","M2","ROU 01 M2-3",26.01,-17.03,-5.87,0.03,0.09
"ROU.01","ROU","M2","ROU 01 M2-4",24.77,-17.19,-6.28,0.03,0.09
"ROU.01","ROU","M2","ROU 01 M2-5",23.65,-17.33,-6.19,0.03,0.09
"ROU.01","ROU","M2","ROU 01 M2-6",22.6,-17.38,-6.02,0.03,0.09
"ROU.01","ROU","M2","ROU 01 M2-7",21.53,-17.28,-5.74,0.03,0.09
"ROU.01","ROU","M2","ROU 01 M2-8",20.22,-17.2,-5.42,0.03,0.09
"ROU.01","ROU","M2","ROU 01 M2-9",18.95,-17.13,-5.06,0.03,0.09
"ROU.01","ROU","M2","ROU 01 M2-10",17.94,-16.89,-4.54,0.03,0.09
"ROU.01","ROU","M2","ROU 01 M2-11",16.63,-16.97,-4.16,0.03,0.09
"ROU.01","ROU","M2","ROU 01 M2-12",15.48,-16.55,-3.64,0.03,0.09
"ROU.01","ROU","M2","ROU 01 M2-13",14.34,-16.56,-3.37,0.03,0.09
"ROU.01","ROU","M2","ROU 01 M2-14",13.32,-16.43,-3.1,0.03,0.09
"ROU.01","ROU","M2","ROU 01 M2-15",12.37,-16.19,-2.75,0.03,0.09
"ROU.01","ROU","M2","ROU 01 M2-16",11.39,-16.07,-2.67,0.03,0.09
"ROU.01","ROU","M2","ROU 01 M2-17",10.33,-16.11,-2.5,0.03,0.09
"ROU.01","ROU","M2","ROU 01 M2-18",9.42,-15.93,-2.27,0.03,0.09
"ROU.01","ROU","M2","ROU 01 M2-19",8.19,-15.83,-2.46,0.03,0.09
"ROU.01","ROU","M2","ROU 01 M2-20",7.02,-16.05,-2.38,0.03,0.09
"ROU.04","ROU","M2","ROU04 M2-1",30.8,-16.02,-4.72,0.03,0.09
"ROU.04","ROU","M2","ROU04 M2-2",29.76,-16.09,-5.02,0.03,0.09
"ROU.04","ROU","M2","ROU04 M2-3",28.66,-16.23,-5.38,0.03,0.09
"ROU.04","ROU","M2","ROU04 M2-4",27.55,-16.4,-5.51,0.03,0.09
"ROU.04","ROU","M2","ROU04 M2-5",26.55,-16.54,-5.89,0.03,0.09
"ROU.04","ROU","M2","ROU04 M2-6",25.47,-16.79,-6.12,0.03,0.09
"ROU.04","ROU","M2","ROU04 M2-7",24.51,-16.97,-6.45,0.03,0.09
"ROU.04","ROU","M2","ROU04 M2-8",23.3,-17.09,-6.4,0.03,0.09
"ROU.04","ROU","M2","ROU04 M2-9",22.08,-17.28,-6.52,0.03,0.09
"ROU.04","ROU","M2","ROU04 M2-10",21.12,-17.33,-6.32,0.03,0.09
"ROU.04","ROU","M2","ROU04 M2-11",19.99,-17.47,-6.15,0.03,0.09
"ROU.04","ROU","M2","ROU04 M2-12",18.87,-17.65,-5.82,0.03,0.09
"ROU.04","ROU","M2","ROU04 M2-13",17.75,-17.71,-5.46,0.03,0.09
"ROU.04","ROU","M2","ROU04 M2-14",16.57,-17.6,-4.96,0.03,0.09
"ROU.04","ROU","M2","ROU04 M2-15",15.6,-17.55,-4.75,0.03,0.09
"ROU.04","ROU","M2","ROU04 M2-16",14.17,-17.12,-4.12,0.03,0.09
"ROU.04","ROU","M2","ROU04 M2-17",12.87,-17.08,-3.71,0.03,0.09
"ROU.04","ROU","M2","ROU04 M2-18",11.67,-16.82,-3.23,0.03,0.09
"ROU.04","ROU","M2","ROU04 M2-19",10.59,-16.77,-2.9,0.03,0.09
"ROU.04","ROU","M2","ROU04 M2-20",9.45,-16.67,-2.65,0.03,0.09
"ROU.04","ROU","M2","ROU04 M2-21",8.43,-16.6,-2.66,0.03,0.09
"ROU.04","ROU","M2","ROU04 M2-22",7.19,-16.55,-2.44,0.03,0.09
"ROU.04","ROU","M2","ROU04 M2-23",5.97,-16.53,-2.39,0.03,0.09
"ROU.04","ROU","M2","ROU 04 M2-24",5.12,-16.52,-2.25,0.03,0.09
"ROU.04","ROU","M2","ROU 04 M2-25",3.9,-16.54,-2.5,0.03,0.09
"ROU.04","ROU","M2","ROU 04 M2-26",2.88,-16.18,-2.54,0.03,0.09
"ROU.04","ROU","M2","ROU 04 M2-27",1.51,-15.6,-3.19,0.03,0.09
"ROU.09","ROU","M2","ROU 09 M2-1",35.59,-15.13,-5.6,0.03,0.09
"ROU.09","ROU","M2","ROU 09 M2-2",34.41,-15.32,-5.5,0.03,0.09
"ROU.09","ROU","M2","ROU 09 M2-3",33.22,-15.55,-5.74,0.03,0.09
"ROU.09","ROU","M2","ROU 09 M2-4",32.08,-15.64,-5.56,0.03,0.09
"ROU.09","ROU","M2","ROU 09 M2-5",31.02,-15.92,-5.52,0.03,0.09
"ROU.09","ROU","M2","ROU 09 M2-6",29.82,-16.16,-6.03,0.03,0.09
"ROU.09","ROU","M2","ROU 09 M2-7",28.47,-16.3,-6.16,0.03,0.09
"ROU.09","ROU","M2","ROU 09 M2-8",27.24,-16.36,-5.98,0.03,0.09
"ROU.09","ROU","M2","ROU 09 M2-9",26.1,-16.87,-6.17,0.03,0.09
"ROU.09","ROU","M2","ROU 09 M2-10",24.83,-16.9,-5.97,0.03,0.09
"ROU.09","ROU","M2","ROU 09 M2-11",23.57,-16.98,-5.81,0.03,0.09
"ROU.09","ROU","M2","ROU 09 M2-12",22.23,-17.23,-5.61,0.03,0.09
"ROU.09","ROU","M2","ROU 09 M2-13",21.3,-17.06,-5.05,0.03,0.09
"ROU.09","ROU","M2","ROU 09 M2-14",19.99,-16.56,-4.71,0.03,0.09
"ROU.09","ROU","M2","ROU 09 M2-15",18.99,-16.55,-4.53,0.03,0.09
"ROU.09","ROU","M2","ROU 09 M2-16",17.62,-16.39,-4.08,0.03,0.09
"ROU.09","ROU","M2","ROU 09 M2-17",16.62,-16.27,-3.74,0.03,0.09
"ROU.09","ROU","M2","ROU 09 M2-18",15.59,-16.21,-3.44,0.03,0.09
"ROU.09","ROU","M2","ROU 09 M2-19",14.48,-16.25,-3.13,0.03,0.09
"ROU.09","ROU","M2","ROU 09 M2-20",13.46,-16.23,-2.9,0.03,0.09
"ROU.09","ROU","M2","ROU 09 M2-21",12.44,-16.09,-2.71,0.03,0.09
"ROU.09","ROU","M2","ROU 09 M2-22",11.27,-16.15,-2.58,0.03,0.09
"ROU.09","ROU","M2","ROU 09 M2-23",10.13,-16,-2.78,0.03,0.09
"ROU.09","ROU","M2","ROU 09 M2-24",8.92,-15.84,-2.68,0.03,0.09
"ROU.09","ROU","M2","ROU 09 M2-25",7.78,-16,-2.96,0.03,0.09
"ROU.09","ROU","M2","ROU 09 M2-26",6.65,-15.88,-2.82,0.03,0.09
"ROU.09","ROU","M2","ROU 09 M2-27",5.7,-16.21,-2.79,0.03,0.09
"ROU.09","ROU","M2","ROU 09 M2-28",4.5,-15.88,-2.82,0.03,0.09
"ROU.09","ROU","M2","ROU 09 M2-29",3.38,-15,-3.44,0.03,0.09
"ROU.17","ROU","M2","ROU 17 M2-1",34.26,-16.51,-5.35,0.03,0.09
"ROU.17","ROU","M2","ROU 17 M2-2",33.21,-16.71,-5.41,0.03,0.09
"ROU.17","ROU","M2","ROU 17 M2-3",31.95,-16.95,-5.59,0.03,0.09
"ROU.17","ROU","M2","ROU 17 M2-4",30.87,-17.17,-5.67,0.03,0.09
"ROU.17","ROU","M2","ROU 17 M2-5",29.73,-17.16,-5.74,0.03,0.09
"ROU.17","ROU","M2","ROU 17 M2-6",28.63,-17.28,-5.69,0.03,0.09
"ROU.17","ROU","M2","ROU 17 M2-7",27.37,-17.34,-5.91,0.03,0.09
"ROU.17","ROU","M2","ROU 17 M2-8",26.28,-17.54,-5.72,0.03,0.09
"ROU.17","ROU","M2","ROU 17 M2-9",25.03,-17.52,-5.55,0.03,0.09
"ROU.17","ROU","M2","ROU 17 M2-10",23.97,-17.54,-5.33,0.03,0.09
"ROU.17","ROU","M2","ROU 17 M2-11",22.78,-17.48,-5.12,0.03,0.09
"ROU.17","ROU","M2","ROU 17 M2-12",21.54,-17.56,-4.77,0.03,0.09
"ROU.17","ROU","M2","ROU 17 M2-13",20.3,-17.41,-4.41,0.03,0.09
"ROU.17","ROU","M2","ROU 17 M2-14",19.33,-17.39,-4.06,0.03,0.09
"ROU.17","ROU","M2","ROU 17 M2-15",18.06,-17.24,-3.79,0.03,0.09
"ROU.17","ROU","M2","ROU 17 M2-16",16.96,-17.09,-3.39,0.03,0.09
"ROU.17","ROU","M2","ROU 17 M2-17",15.67,-16.86,-3.14,0.03,0.09
"ROU.17","ROU","M2","ROU 17 M2-18",14.67,-16.96,-2.92,0.03,0.09
"ROU.17","ROU","M2","ROU 17 M2-19",13.42,-16.79,-2.62,0.03,0.09
"ROU.17","ROU","M2","ROU 17 M2-20",12.18,-16.67,-2.3,0.03,0.09
"ROU.17","ROU","M2","ROU 17 M2-21",11.14,-16.65,-2.38,0.03,0.09
"ROU.17","ROU","M2","ROU 17 M2-22",9.93,-16.67,-2.28,0.03,0.09
"ROU.17","ROU","M2","ROU 17 M2-23",8.78,-16.88,-2.15,0.03,0.09
"ROU.17","ROU","M2","ROU 17 M2-24",7.73,-16.94,-2.18,0.03,0.09
"ROU.17","ROU","M2","ROU 17 M2-25",6.71,-16.95,-2.6,0.03,0.09
"ROU.17","ROU","M2","ROU 17 M2-26",5.7,-16.74,-2.47,0.03,0.09
"ROU.17","ROU","M2","ROU 17 M2-27",4.57,-16.42,-3.03,0.03,0.09
"ROU.16","ROU","M2","ROU 16 M2-1",37.4,-15.59,-5.24,0.03,0.09
"ROU.16","ROU","M2","ROU 16 M2-2",36.19,-15.64,-5.37,0.03,0.09
"ROU.16","ROU","M2","ROU 16 M2-3",35.17,-15.95,-5.72,0.03,0.09
"ROU.16","ROU","M2","ROU 16 M2-4",34.02,-16.12,-5.79,0.03,0.09
"ROU.16","ROU","M2","ROU 16 M2-5",32.78,-16.27,-6.05,0.03,0.09
"ROU.16","ROU","M2","ROU 16 M2-6",31.71,-16.29,-6.18,0.03,0.09
"ROU.16","ROU","M2","ROU 16 M2-7",30.57,-16.36,-6.18,0.03,0.09
"ROU.16","ROU","M2","ROU 16 M2-8",29.42,-16.57,-6.39,0.03,0.09
"ROU.16","ROU","M2","ROU 16 M2-9",28.08,-16.6,-6.09,0.03,0.09
"ROU.16","ROU","M2","ROU 16 M2-10",26.94,-16.81,-5.92,0.03,0.09
"ROU.16","ROU","M2","ROU 16 M2-11",25.71,-16.86,-5.86,0.03,0.09
"ROU.16","ROU","M2","ROU 16 M2-12",24.45,-16.93,-5.68,0.03,0.09
"ROU.16","ROU","M2","ROU 16 M2-13",22.95,-17.01,-5.21,0.03,0.09
"ROU.16","ROU","M2","ROU 16 M2-14",21.79,-16.77,-4.86,0.03,0.09
"ROU.16","ROU","M2","ROU 16 M2-15",20.58,-16.7,-4.32,0.03,0.09
"ROU.16","ROU","M2","ROU 16 M2-16",19.38,-16.49,-3.76,0.03,0.09
"ROU.16","ROU","M2","ROU 16 M2-17",18.26,-16.38,-3.68,0.03,0.09
"ROU.16","ROU","M2","ROU 16 M2-18",17.12,-16.37,-3.43,0.03,0.09
"ROU.16","ROU","M2","ROU 16 M2-19",15.79,-16.24,-3.25,0.03,0.09
"ROU.16","ROU","M2","ROU 16 M2-20",14.72,-16.05,-3.02,0.03,0.09
"ROU.16","ROU","M2","ROU 16 M2-21",13.73,-15.97,-2.84,0.03,0.09
"ROU.16","ROU","M2","ROU 16 M2-22",12.52,-15.86,-2.8,0.03,0.09
"ROU.16","ROU","M2","ROU 16 M2-23",11.25,-15.74,-2.76,0.03,0.09
"ROU.16","ROU","M2","ROU 16 M2-24",10.07,-16.01,-2.98,0.03,0.09
"ROU.16","ROU","M2","ROU 16 M2-25",8.8,-15.95,-3.1,0.03,0.09
"ROU.16","ROU","M2","ROU 16 M2-26",7.41,-16.21,-3,0.03,0.09
"ROU.16","ROU","M2","ROU 16 M2-27",6.38,-16.29,-3.07,0.03,0.09
"ROU.16","ROU","M2","ROU 16 M2-28",5.28,-16.09,-3.14,0.03,0.09
"ROU.16","ROU","M2","ROU 16 M2-29",4.24,-15.72,-3.49,0.03,0.09
"ROU.11","ROU","M2","ROU 11 M2-1",34.51,-15.33,-5.72,0.03,0.09
"ROU.11","ROU","M2","ROU 11 M2-2",33.38,-15.69,-6.02,0.03,0.09
"ROU.11","ROU","M2","ROU 11 M2-3",32.22,-15.75,-6.15,0.03,0.09
"ROU.11","ROU","M2","ROU 11 M2-4",31.08,-15.82,-6.2,0.03,0.09
"ROU.11","ROU","M2","ROU 11 M2-5",30.03,-15.83,-6.39,0.03,0.09
"ROU.11","ROU","M2","ROU 11 M2-6",28.94,-15.6,-6.23,0.03,0.09
"ROU.11","ROU","M2","ROU 11 M2-7",27.85,-15.73,-6.39,0.03,0.09
"ROU.11","ROU","M2","ROU 11 M2-8",26.78,-15.76,-5.82,0.03,0.09
"ROU.11","ROU","M2","ROU 11 M2-9",25.65,-15.88,-5.95,0.03,0.09
"ROU.11","ROU","M2","ROU 11 M2-10",24.53,-16.25,-5.84,0.03,0.09
"ROU.11","ROU","M2","ROU 11 M2-11",23.43,-16.29,-5.4,0.03,0.09
"ROU.11","ROU","M2","ROU 11 M2-12",22.36,-16.48,-5.23,0.03,0.09
"ROU.11","ROU","M2","ROU 11 M2-13",21.22,-16.27,-4.5,0.03,0.09
"ROU.11","ROU","M2","ROU 11 M2-14",20.18,-16.39,-4.31,0.03,0.09
"ROU.11","ROU","M2","ROU 11 M2-15",19.14,-16.31,-3.75,0.03,0.09
"ROU.11","ROU","M2","ROU 11 M2-16",18.04,-16.26,-3.34,0.03,0.09
"ROU.11","ROU","M2","ROU 11 M2-17",16.84,-16.46,-3.44,0.03,0.09
"ROU.11","ROU","M2","ROU 11 M2-18",15.82,-16.48,-2.82,0.03,0.09
"ROU.11","ROU","M2","ROU 11 M2-19",14.7,-16.32,-2.77,0.03,0.09
"ROU.11","ROU","M2","ROU 11 M2-20",13.57,-16.21,-2.6,0.03,0.09
"ROU.11","ROU","M2","ROU 11 M2-21",12.62,-16.24,-2.87,0.03,0.09
"ROU.11","ROU","M2","ROU 11 M2-22",11.43,-16.28,-2.62,0.03,0.09
"ROU.11","ROU","M2","ROU 11 M2-23",10.32,-16.39,-2.62,0.03,0.09
"ROU.11","ROU","M2","ROU 11 M2-24",9.15,-16.2,-2.51,0.03,0.09
"ROU.11","ROU","M2","ROU 11 M2-25",8.13,-16.61,-2.39,0.03,0.09
"ROU.11","ROU","M2","ROU 11 M2-26",7.08,-16.82,-2.63,0.03,0.09
"ROU.11","ROU","M2","ROU 11 M2-27",6.14,-16.59,-2.97,0.03,0.09
"ROU.11","ROU","M2","ROU 11 M2-28",4.91,-16.56,-3.06,0.03,0.09
"HAW.01","HAW","M2","HAW01 M2-1",12.25,-4.06,-3.11,0.03,0.09
"HAW.01","HAW","M2","HAW01 M2-2",11.29,-4.09,-3.02,0.03,0.09
"HAW.01","HAW","M2","HAW01 M2-3",10.2,-3.86,-2.96,0.03,0.09
"HAW.01","HAW","M2","HAW01 M2-4",8.97,-3.34,-2.9,0.03,0.09
"HAW.01","HAW","M2","HAW01 M2-5",7.62,-3.44,-3.06,0.03,0.09
"HAW.01","HAW","M2","HAW01 M2-6",6.26,-3.24,-3.34,0.03,0.09
"HAW.01","HAW","M2","HAW01 M2-7",5.14,-3.28,-3.22,0.03,0.09
"HAW.02","HAW","M2","HAW02 M2-1",30.43,-4.32,-3.65,0.03,0.09
"HAW.02","HAW","M2","HAW02 M2-2",29.24,-4.42,-3.73,0.03,0.09
"HAW.02","HAW","M2","HAW02 M2-3",28,-4.73,-3.87,0.03,0.09
"HAW.02","HAW","M2","HAW02 M2-4",27,-4.91,-3.71,0.03,0.09
"HAW.02","HAW","M2","HAW02 M2-5",25.88,-4.97,-3.69,0.03,0.09
"HAW.02","HAW","M2","HAW02 M2-6",24.74,-5.37,-3.84,0.03,0.09
"HAW.02","HAW","M2","HAW02 M2-7",23.65,-5.49,-3.81,0.03,0.09
"HAW.02","HAW","M2","HAW02 M2-8",22.53,-5.72,-3.86,0.03,0.09
"HAW.02","HAW","M2","HAW02 M2-9",21.21,-5.89,-4.26,0.03,0.09
"HAW.02","HAW","M2","HAW02 M2-10",20.14,-6.17,-4.39,0.03,0.09
"HAW.02","HAW","M2","HAW02 M2-11",19,-6.33,-4.25,0.03,0.09
"HAW.02","HAW","M2","HAW02 M2-12",17.77,-6.64,-4.21,0.03,0.09
"HAW.02","HAW","M2","HAW02 M2-13",16.65,-6.84,-3.9,0.03,0.09
"HAW.02","HAW","M2","HAW02 M2-14",15.56,-6.97,-3.46,0.03,0.09
"HAW.02","HAW","M2","HAW02 M2-15",14.3,-7.12,-3.33,0.03,0.09
"HAW.02","HAW","M2","HAW02 M2-16",13.07,-7.37,-3.2,0.03,0.09
"HAW.02","HAW","M2","HAW02 M2-17",11.89,-7.75,-2.71,0.03,0.09
"HAW.02","HAW","M2","HAW02 M2-18",10.8,-8.27,-3,0.03,0.09
"HAW.02","HAW","M2","HAW02 M2-19",9.71,-8.86,-3.06,0.03,0.09
"HAW.02","HAW","M2","HAW02 M2-20",8.5,-9.52,-3.15,0.03,0.09
"HAW.02","HAW","M2","HAW02 M2-21",7.52,-9.99,-3.36,0.03,0.09
"HAW.02","HAW","M2","HAW02 M2-22",6.44,-10.56,-3.25,0.03,0.09
"HAW.02","HAW","M2","HAW02 M2-23",5.31,-10.7,-3.38,0.03,0.09
"HAW.02","HAW","M2","HAW02 M2-24",4.25,-11.06,-3.46,0.03,0.09
"HAW.03","HAW","M2","HAW 03 M2-1",23.62,-5.52,-3.75,0.03,0.09
"HAW.03","HAW","M2","HAW 03 M2-2",22.3,-5.83,-3.92,0.03,0.09
"HAW.03","HAW","M2","HAW 03 M2-3",21,-5.8,-3.64,0.03,0.09
"HAW.03","HAW","M2","HAW 03 M2-4",20.04,-5.57,-3.59,0.03,0.09
"HAW.03","HAW","M2","HAW 03 M2-5",18.96,-5.95,-3.74,0.03,0.09
"HAW.03","HAW","M2","HAW 03 M2-6",17.8,-5.61,-3.59,0.03,0.09
"HAW.03","HAW","M2","HAW 03 M2-7",16.82,-5.36,-3.23,0.03,0.09
"HAW.03","HAW","M2","HAW 03 M2-8",15.83,-5.02,-3.05,0.03,0.09
"HAW.03","HAW","M2","HAW 03 M2-9",14.58,-4.8,-2.99,0.03,0.09
"HAW.03","HAW","M2","HAW 03 M2-10",13.33,-4.41,-3.03,0.03,0.09
"HAW.03","HAW","M2","HAW 03 M2-11",12.33,-4.23,-2.94,0.03,0.09
"HAW.03","HAW","M2","HAW 03 M2-12",11.26,-3.75,-3.02,0.03,0.09
"HAW.03","HAW","M2","HAW 03 M2-13",10.13,-3.36,-2.92,0.03,0.09
"HAW.03","HAW","M2","HAW 03 M2-14",9.08,-3.36,-3.01,0.03,0.09
"HAW.03","HAW","M2","HAW 03 M2-15",7.94,-3.2,-3.07,0.03,0.09
"HAW.03","HAW","M2","HAW 03 M2-16",6.72,-3.13,-3.25,0.03,0.09
"HAW.03","HAW","M2","HAW 03 M2-17",5.48,-3.07,-3.57,0.03,0.09
"HAW.05","HAW","M2","HAW05 M2-1",10.98,-4.99,-3.44,0.03,0.09
"HAW.05","HAW","M2","HAW05 M2-2",9.5,-4.84,-3.47,0.03,0.09
"HAW.05","HAW","M2","HAW05 M2-3",8.39,-4.59,-3.45,0.03,0.09
"HAW.05","HAW","M2","HAW05 M2-4",7.19,-4.19,-3.16,0.03,0.09
"HAW.05","HAW","M2","HAW05 M2-5",6.12,-4,-3.14,0.03,0.09
"HAW.05","HAW","M2","HAW05 M2-6",5.06,-3.68,-3.13,0.03,0.09
"HAW.05","HAW","M2","HAW05 M2-7",3.68,-3.57,-3.43,0.03,0.09
"HAW.05","HAW","M2","HAW05 M2-8",2.27,-3.33,-3.4,0.03,0.09
"HAW.06","HAW","M2","HAW 06 M2-1",20.66,-6.68,-3.77,0.03,0.09
"HAW.06","HAW","M2","HAW 06 M2-2",19.2,-6.96,-3.96,0.03,0.09
"HAW.06","HAW","M2","HAW 06 M2-3",17.71,-7.18,-3.89,0.03,0.09
"HAW.06","HAW","M2","HAW 06 M2-4",16.24,-7.56,-3.73,0.03,0.09
"HAW.06","HAW","M2","HAW 06 M2-5",15.13,-7.87,-3.5,0.03,0.09
"HAW.06","HAW","M2","HAW 06 M2-6",13.82,-8,-3.36,0.03,0.09
"HAW.06","HAW","M2","HAW 06 M2-7",12.76,-8.16,-3.24,0.03,0.09
"HAW.06","HAW","M2","HAW 06 M2-8",11.53,-8.09,-3.11,0.03,0.09
"HAW.06","HAW","M2","HAW 06 M2-9",10.35,-7.63,-2.86,0.03,0.09
"HAW.06","HAW","M2","HAW 06 M2-10",9.3,-7.03,-2.55,0.03,0.09
"HAW.06","HAW","M2","HAW 06 M2-11",8.09,-7.04,-2.7,0.03,0.09
"HAW.06","HAW","M2","HAW 06 M2-12",7.02,-7.1,-2.82,0.03,0.09
"HAW.06","HAW","M2","HAW 06 M2-13",5.67,-7.43,-3.09,0.03,0.09
"HAW.06","HAW","M2","HAW 06 M2-14",4.41,-6.01,-3.31,0.03,0.09
"HAW.06","HAW","M2","HAW 06 M2-15",3.12,-4.5,-3.45,0.03,0.09
"HAW.04","HAW","M2","HAW04 M2-1",30.25,-4.06,-4.43,0.03,0.09
"HAW.04","HAW","M2","HAW04 M2-2",29.17,-4.29,-4.35,0.03,0.09
"HAW.04","HAW","M2","HAW04 M2-3",28.09,-4.44,-4.28,0.03,0.09
"HAW.04","HAW","M2","HAW04 M2-4",26.84,-4.55,-4.23,0.03,0.09
"HAW.04","HAW","M2","HAW04 M2-5",25.64,-4.61,-4.11,0.03,0.09
"HAW.04","HAW","M2","HAW04 M2-6",24.33,-4.71,-4.08,0.03,0.09
"HAW.04","HAW","M2","HAW04 M2-7",23.07,-4.71,-4.05,0.03,0.09
"HAW.04","HAW","M2","HAW04 M2-8",21.91,-4.85,-4.08,0.03,0.09
"HAW.04","HAW","M2","HAW04 M2-9",20.81,-5.1,-3.97,0.03,0.09
"HAW.04","HAW","M2","HAW04 M2-10",19.65,-5.03,-3.99,0.03,0.09
"HAW.04","HAW","M2","HAW04 M2-11",18.53,-4.99,-3.82,0.03,0.09
"HAW.04","HAW","M2","HAW04 M2-12",17.33,-4.83,-3.72,0.03,0.09
"HAW.04","HAW","M2","HAW04 M2-13",16.1,-4.75,-3.58,0.03,0.09
"HAW.04","HAW","M2","HAW04 M2-14",14.94,-4.49,-3.25,0.03,0.09
"HAW.04","HAW","M2","HAW04 M2-15",13.95,-4.34,-3.21,0.03,0.09
"HAW.04","HAW","M2","HAW04 M2-16",12.61,-4.13,-3.03,0.03,0.09
"HAW.04","HAW","M2","HAW04 M2-17",11.37,-4.14,-2.94,0.03,0.09
"HAW.04","HAW","M2","HAW04 M2-18",10.26,-3.72,-3.02,0.03,0.09
"HAW.04","HAW","M2","HAW04 M2-19",9.04,-3.4,-2.89,0.03,0.09
"HAW.04","HAW","M2","HAW04 M2-20",7.68,-3.14,-2.87,0.03,0.09
"HAW.04","HAW","M2","HAW04 M2-21",6.49,-3.16,-2.8,0.03,0.09
"NBN.01","NBN","M2","NBN01 M2-1",23.74,-6.39,-3.85,0.03,0.09
"NBN.01","NBN","M2","NBN01 M2-2",22.44,-6.57,-3.75,0.03,0.09
"NBN.01","NBN","M2","NBN01 M2-3",21.2,-7.04,-3.55,0.03,0.09
"NBN.01","NBN","M2","NBN01 M2-4",19.94,-7.59,-3.72,0.03,0.09
"NBN.01","NBN","M2","NBN01 M2-5",18.52,-8.26,-3.48,0.03,0.09
"NBN.01","NBN","M2","NBN01 M2-6",17.36,-8.95,-3.32,0.03,0.09
"NBN.01","NBN","M2","NBN01 M2-7",16.31,-9.45,-3.21,0.03,0.09
"NBN.01","NBN","M2","NBN01 M2-8",15.02,-10.23,-3.09,0.03,0.09
"NBN.01","NBN","M2","NBN01 M2-9",13.85,-10.64,-2.91,0.03,0.09
"NBN.01","NBN","M2","NBN01 M2-10",12.78,-11.28,-2.89,0.03,0.09
"NBN.01","NBN","M2","NBN01 M2-11",11.47,-11.93,-2.74,0.03,0.09
"NBN.01","NBN","M2","NBN01 M2-12",10.11,-12.61,-2.57,0.03,0.09
"NBN.01","NBN","M2","NBN01 M2-13",9.04,-12.87,-2.69,0.03,0.09
"NBN.01","NBN","M2","NBN01 M2-14",8.15,-12.87,-2.84,0.03,0.09
"NBN.01","NBN","M2","NBN01 M2-15",7.11,-12.26,-2.94,0.03,0.09
"NBN.01","NBN","M2","NBN01 M2-16",5.95,-11.27,-2.92,0.03,0.09
"NBN.01","NBN","M2","NBN01 M2-17",4.8,-10.11,-3.07,0.03,0.09
"NBN.01","NBN","M2","NBN01 M2-18",3.53,-7.99,-3.27,0.03,0.09
"NBN.02","NBN","M2","NBN 02 M2-1",19.84,-5.76,-4.19,0.03,0.09
"NBN.02","NBN","M2","NBN 02 M2-2",18.53,-5.8,-3.73,0.03,0.09
"NBN.02","NBN","M2","NBN 02 M2-3",17.5,-5.93,-3.98,0.03,0.09
"NBN.02","NBN","M2","NBN 02 M2-4",16.3,-5.94,-3.67,0.03,0.09
"NBN.02","NBN","M2","NBN 02 M2-5",14.9,-6.19,-3.71,0.03,0.09
"NBN.02","NBN","M2","NBN 02 M2-6",13.68,-6.37,-4.01,0.03,0.09
"NBN.02","NBN","M2","NBN 02 M2-7",12.41,-6.34,-3.43,0.03,0.09
"NBN.02","NBN","M2","NBN 02 M2-8",11.54,-6.15,-3.58,0.03,0.09
"NBN.02","NBN","M2","NBN 02 M2-9",10.16,-5.86,-3.62,0.03,0.09
"NBN.02","NBN","M2","NBN 02 M2-10",8.99,-5.28,-3.33,0.03,0.09
"NBN.02","NBN","M2","NBN 02 M2-11",7.7,-4.9,-3.41,0.03,0.09
"NBN.02","NBN","M2","NBN 02 M2-12",6.38,-4.76,-3.37,0.03,0.09
"NBN.02","NBN","M2","NBN 02 M2-13",5.33,-4.9,-3.71,0.03,0.09
"NBN.02","NBN","M2","NBN 02 M2-14",4.07,-5.12,-3.56,0.03,0.09
"NBN.02","NBN","M2","NBN 02 M2-15",2.92,-5.22,-3.96,0.03,0.09
"SWN.01","SWN","M2","SWN01 M2-1",27.8,-5.15,-2.85,0.03,0.09
"SWN.01","SWN","M2","SWN01 M2-2",26.57,-5.09,-3.41,0.03,0.09
"SWN.01","SWN","M2","SWN01 M2-3",25.39,-5.4,-3.49,0.03,0.09
"SWN.01","SWN","M2","SWN01 M2-4",24.25,-5.3,-3.62,0.03,0.09
"SWN.01","SWN","M2","SWN01 M2-5",23.09,-5.5,-3.64,0.03,0.09
"SWN.01","SWN","M2","SWN01 M2-6",21.77,-5.66,-3.74,0.03,0.09
"SWN.01","SWN","M2","SWN01 M2-7",20.71,-5.78,-3.83,0.03,0.09
"SWN.01","SWN","M2","SWN01 M2-8",19.59,-5.98,-3.72,0.03,0.09
"SWN.01","SWN","M2","SWN01 M2-9",18.37,-6.19,-3.8,0.03,0.09
"SWN.01","SWN","M2","SWN01 M2-10",17.09,-6.16,-3.72,0.03,0.09
"SWN.01","SWN","M2","SWN01 M2-11",15.88,-6.3,-3.62,0.03,0.09
"SWN.01","SWN","M2","SWN01 M2-12",14.73,-6.42,-3.5,0.03,0.09
"SWN.01","SWN","M2","SWN01 M2-13",13.37,-6.46,-3.61,0.03,0.09
"SWN.01","SWN","M2","SWN01 M2-14",12.08,-6.52,-3.42,0.03,0.09
"SWN.02","SWN","M2","SWN 02 M2-1",25.57,-5.74,-3.43,0.03,0.09
"SWN.02","SWN","M2","SWN 02 M2-2",24.37,-6.04,-3.85,0.03,0.09
"SWN.02","SWN","M2","SWN 02 M2-3",22.98,-6.21,-3.64,0.03,0.09
"SWN.02","SWN","M2","SWN 02 M2-4",21.64,-6.39,-3.67,0.03,0.09
"SWN.02","SWN","M2","SWN 02 M2-5",20.42,-6.46,-3.8,0.03,0.09
"SWN.02","SWN","M2","SWN 02 M2-6",19.19,-6.57,-3.84,0.03,0.09
"SWN.02","SWN","M2","SWN 02 M2-7",18.05,-6.5,-4.03,0.03,0.09
"SWN.02","SWN","M2","SWN 02 M2-8",16.72,-6.49,-3.6,0.03,0.09
"SWN.02","SWN","M2","SWN 02 M2-9",15.45,-6.24,-3.52,0.03,0.09
"SWN.02","SWN","M2","SWN 02 M2-10",14.25,-6.08,-3.46,0.03,0.09
"SWN.02","SWN","M2","SWN 02 M2-11",13.33,-5.85,-3.37,0.03,0.09
"SWN.02","SWN","M2","SWN 02 M2-12",11.98,-5.54,-2.98,0.03,0.09
"SWN.02","SWN","M2","SWN 02 M2-13",10.74,-5.29,-2.88,0.03,0.09
"SWN.02","SWN","M2","SWN 02 M2-14",9.39,-5.15,-2.95,0.03,0.09
"SWN.02","SWN","M2","SWN 02 M2-15",8.28,-5.11,-2.88,0.03,0.09
"SWN.02","SWN","M2","SWN 02 M2-16",7.15,-4.77,-2.74,0.03,0.09
"SWN.02","SWN","M2","SWN 02 M2-17",5.68,-4.78,-2.92,0.03,0.09
"SWN.02","SWN","M2","SWN 02 M2-18",4.58,-4.61,-2.94,0.03,0.09
"TWN.01","TWN","M2","TWNO1 M2-1",16.21,-6.64,-3.06,0.03,0.09
"TWN.01","TWN","M2","TWNO1 M2-2",15.04,-7.04,-2.82,0.03,0.09
"TWN.01","TWN","M2","TWNO1 M2-3",13.78,-7.38,-2.87,0.03,0.09
"TWN.01","TWN","M2","TWNO1 M2-4",12.47,-7.35,-2.64,0.03,0.09
"TWN.01","TWN","M2","TWNO1 M2-5",11.2,-7.51,-2.87,0.03,0.09
"TWN.01","TWN","M2","TWNO1 M2-6",9.08,-6.96,-2.73,0.03,0.09
"TWN.01","TWN","M2","TWNO1 M2-7",8.11,-6.85,-3.11,0.03,0.09
"TWN.01","TWN","M2","TWNO1 M2-8",7.07,-6.27,-3.17,0.03,0.09
"TWN.01","TWN","M2","TWNO1 M2-9",5.66,-5.79,-3.19,0.03,0.09
"TWN.01","TWN","M2","TWNO1 M2-10",4.47,-5.07,-3.38,0.03,0.09
"TWN.01","TWN","M2","TWNO1 M2-11",3.29,-4.85,-3.59,0.03,0.09
"TWN.04","TWN","M2","TWN04 M2-1",22.7,-6.31,-3.84,0.03,0.09
"TWN.04","TWN","M2","TWN04 M2-2",21.37,-6.69,-3.88,0.03,0.09
"TWN.04","TWN","M2","TWN04 M2-3",20.19,-7.14,-3.61,0.03,0.09
"TWN.04","TWN","M2","TWN04 M2-4",18.9,-7.67,-3.3,0.03,0.09
"TWN.04","TWN","M2","TWN04 M2-5",17.52,-7.98,-2.98,0.03,0.09
"TWN.04","TWN","M2","TWN04 M2-6",16.19,-8.29,-3.36,0.03,0.09
"TWN.04","TWN","M2","TWN04 M2-7",14.92,-8.55,-3.04,0.03,0.09
"TWN.04","TWN","M2","TWN04 M2-8+9",13.02,-8.38,-2.71,0.03,0.09
"TWN.04","TWN","M2","TWN04 M2-10",11.37,-7.59,-2.42,0.03,0.09
"TWN.04","TWN","M2","TWN04 M2-11",10.16,-6.8,-2.13,0.03,0.09
"TWN.04","TWN","M2","TWN04 M2-12",8.93,-6.41,-2.35,0.03,0.09
"TWN.04","TWN","M2","TWN04 M2-13",7.71,-6.13,-2.82,0.03,0.09
"TWN.04","TWN","M2","TWN04 M2-14",6.39,-5.71,-2.98,0.03,0.09
"TWN.04","TWN","M2","TWN04 M2-15",5.09,-5.41,-3.32,0.03,0.09
"TWN.04","TWN","M2","TWN04 M2-16",3.84,-5.35,-3.67,0.03,0.09
"TWN.04","TWN","M2","TWN04 M2-17",2.68,-5.52,-3.27,0.03,0.09
"TWN.05","TWN","M2","TWN05 M2-1",25.06,-5.35,-4.37,0.03,0.09
"TWN.05","TWN","M2","TWN05 M2-2",23.62,-5.46,-4.43,0.03,0.09
"TWN.05","TWN","M2","TWN05 M2-3",22.44,-5.65,-4.19,0.03,0.09
"TWN.05","TWN","M2","TWN05 M2-4",21.35,-5.94,-4.24,0.03,0.09
"TWN.05","TWN","M2","TWN05 M2-5",20.1,-6.3,-4.06,0.03,0.09
"TWN.05","TWN","M2","TWN05 M2-6",18.89,-6.7,-3.96,0.03,0.09
"TWN.05","TWN","M2","TWN05 M2-7",17.62,-7.1,-3.9,0.03,0.09
"TWN.05","TWN","M2","TWN05 M2-8",16.38,-7.35,-3.82,0.03,0.09
"TWN.05","TWN","M2","TWN05 M2-9",15.24,-7.79,-3.59,0.03,0.09
"TWN.05","TWN","M2","TWN05 M2-10",14.25,-7.99,-3.51,0.03,0.09
"TWN.05","TWN","M2","TWN05 M2-11",13.11,-7.95,-3.34,0.03,0.09
"TWN.05","TWN","M2","TWN05 M2-12",11.88,-7.89,-3.19,0.03,0.09
"TWN.05","TWN","M2","TWN05 M2-13",10.7,-7.79,-3.11,0.03,0.09
"TWN.05","TWN","M2","TWN05 M2-14",9.54,-7.57,-3.17,0.03,0.09
"TWN.05","TWN","M2","TWN05 M2-15",8.42,-7.25,-2.94,0.03,0.09
"TWN.05","TWN","M2","TWN05 M2-16",7.24,-6.75,-2.82,0.03,0.09
"TWN.05","TWN","M2","TWN05 M2-17",6.11,-6.4,-2.94,0.03,0.09
"TWN.05","TWN","M2","TWN05 M2-18",5.07,-6.05,-3.59,0.03,0.09
"TWN.05","TWN","M2","TWN05 M2-19",3.83,-5.26,-4.01,0.03,0.09
"MH.01","MH","M3","MH01 M3-1",23.85,-12.74,-5.41,0.03,0.09
"MH.01","MH","M3","MH01 M3-2",22.57,-12.85,-5.3,0.03,0.09
"MH.01","MH","M3","MH01 M3-3",21.28,-13.01,-5.24,0.03,0.09
"MH.01","MH","M3","MH01 M3-4",19.97,-12.96,-5.2,0.03,0.09
"MH.01","MH","M3","MH01 M3-5",18.78,-13.07,-5.33,0.03,0.09
"MH.01","MH","M3","MH01 M3-6",17.69,-13.2,-5.16,0.03,0.09
"MH.01","MH","M3","MH01 M3-7",16.36,-13.39,-4.89,0.03,0.09
"MH.01","MH","M3","MH01 M3-8",15.08,-13.48,-4.61,0.03,0.09
"MH.01","MH","M3","MH01 M3-9",14.06,-13.74,-4.15,0.03,0.09
"MH.01","MH","M3","MH01 M3-10",12.82,-13.87,-3.68,0.03,0.09
"MH.01","MH","M3","MH01 M3-11",11.67,-13.94,-3.3,0.03,0.09
"MH.01","MH","M3","MH01 M3-12",10.3,-13.86,-3.02,0.03,0.09
"MH.01","MH","M3","MH01 M3-13",9.15,-13.8,-2.85,0.03,0.09
"MH.01","MH","M3","MH01 M3-14",8.02,-13.64,-2.7,0.03,0.09
"MH.01","MH","M3","MH01 M3-15",6.95,-13.53,-2.71,0.03,0.09
"MH.01","MH","M3","MH01 M3-16",5.89,-13.36,-2.89,0.03,0.09
"MH.01","MH","M3","MH01 M3-17",4.72,-13.1,-3.19,0.03,0.09
"MH.01","MH","M3","MH01 M3-18",3.65,-12.89,-3.8,0.03,0.09
"MH.01","MH","M3","MH01 M3-19",2.48,-12.46,-4.3,0.03,0.09
"MH.02","MH","M3","MH 02 M3-1",23.21,-10.05,-4.66,0.03,0.09
"MH.02","MH","M3","MH 02 M3-2",21.93,-9.58,-4.82,0.03,0.09
"MH.02","MH","M3","MH 02 M3-3",20.63,-9.13,-5.11,0.03,0.09
"MH.02","MH","M3","MH 02 M3-4",19.32,-8.84,-5.16,0.03,0.09
"MH.02","MH","M3","MH 02 M3-5",18.35,-8.65,-5.28,0.03,0.09
"MH.02","MH","M3","MH 02 M3-6",17.1,-8.51,-5.27,0.03,0.09
"MH.02","MH","M3","MH 02 M3-7",15.83,-8.43,-5.29,0.03,0.09
"MH.02","MH","M3","MH 02 M3-8",14.69,-8.54,-4.89,0.03,0.09
"MH.02","MH","M3","MH 02 M3-9",13.43,-8.77,-4.68,0.03,0.09
"MH.02","MH","M3","MH 02 M3-10",12.18,-9.05,-4.04,0.03,0.09
"MH.02","MH","M3","MH 02 M3-11",10.74,-9.8,-3.51,0.03,0.09
"MH.02","MH","M3","MH 02 M3-12",9.43,-10.79,-2.87,0.03,0.09
"MH.02","MH","M3","MH 02 M3-13",8.21,-11.78,-2.34,0.03,0.09
"MH.02","MH","M3","MH 02 M3-14",6.79,-12.41,-1.57,0.03,0.09
"MH.02","MH","M3","MH 02 M3-15",5.64,-12.54,-1.97,0.03,0.09
"MH.02","MH","M3","MH 02 M3-16",4.36,-12.02,-2.85,0.03,0.09
"MH.02","MH","M3","MH 02 M3-17",3.36,-11.47,-3.77,0.03,0.09
"MH.03","MH","M3","MH 03 M3-1",27.6,-14.06,-5.69,0.03,0.09
"MH.03","MH","M3","MH 03 M3-2",26.63,-14.23,-5.61,0.03,0.09
"MH.03","MH","M3","MH 03 M3-3",25.4,-14.36,-5.75,0.03,0.09
"MH.03","MH","M3","MH 03 M3-4",24.12,-14.61,-5.74,0.03,0.09
"MH.03","MH","M3","MH 03 M3-5",22.84,-14.7,-5.93,0.03,0.09
"MH.03","MH","M3","MH 03 M3-6",21.67,-14.8,-5.82,0.03,0.09
"MH.03","MH","M3","MH 03 M3-7",20.48,-14.76,-5.6,0.03,0.09
"MH.03","MH","M3","MH 03 M3-8",19.31,-14.86,-5.19,0.03,0.09
"MH.03","MH","M3","MH 03 M3-9",18.13,-14.99,-4.93,0.03,0.09
"MH.03","MH","M3","MH 03 M3-10",16.89,-14.93,-4.36,0.03,0.09
"MH.03","MH","M3","MH 03 M3-11",15.62,-14.81,-3.65,0.03,0.09
"MH.03","MH","M3","MH 03 M3-12",14.44,-14.58,-3.32,0.03,0.09
"MH.03","MH","M3","MH 03 M3-13",13.28,-14.29,-2.77,0.03,0.09
"MH.03","MH","M3","MH 03 M3-14",12.12,-14.14,-2.42,0.03,0.09
"MH.03","MH","M3","MH 03 M3-15",11.01,-13.9,-2.56,0.03,0.09
"MH.03","MH","M3","MH 03 M3-16",9.86,-13.68,-2.46,0.03,0.09
"MH.03","MH","M3","MH 03 M3-17",8.75,-13.52,-2.86,0.03,0.09
"MH.03","MH","M3","MH 03 M3-18",7.57,-13.51,-2.96,0.03,0.09
"EB.5","EB","M3","EB 5 M3-1",28.69,-12.89,-5.07,0.03,0.09
"EB.5","EB","M3","EB 5 M3-2",27.61,-13.02,-5.34,0.03,0.09
"EB.5","EB","M3","EB 5 M3-3",26.47,-13.1,-5.47,0.03,0.09
"EB.5","EB","M3","EB 5 M3-4",25.27,-13.16,-5.65,0.03,0.09
"EB.5","EB","M3","EB 5 M3-5",24.06,-13.3,-5.6,0.03,0.09
"EB.5","EB","M3","EB 5 M3-6",22.91,-13.26,-5.31,0.03,0.09
"EB.5","EB","M3","EB 5 M3-7",21.66,-13.4,-5.26,0.03,0.09
"EB.5","EB","M3","EB 5 M3-8",20.69,-13.48,-4.95,0.03,0.09
"EB.5","EB","M3","EB 5 M3-9",19.54,-13.53,-4.53,0.03,0.09
"EB.5","EB","M3","EB 5 M3-10",18.32,-13.57,-4.39,0.03,0.09
"EB.5","EB","M3","EB 5 M3-11",17.26,-13.61,-3.62,0.03,0.09
"EB.5","EB","M3","EB 5 M3-12",16.05,-13.64,-3.73,0.03,0.09
"EB.5","EB","M3","EB 5 M3-13",15.09,-13.65,-3.17,0.03,0.09
"EB.5","EB","M3","EB 5 M3-14",13.92,-13.71,-2.69,0.03,0.09
"EB.5","EB","M3","EB 5 M3-15",12.63,-13.5,-2.53,0.03,0.09
"EB.5","EB","M3","EB 5 M3-16",11.45,-13.43,-2.16,0.03,0.09
"EB.5","EB","M3","EB 5 M3-17",10.26,-13.19,-2.16,0.03,0.09
"EB.9","EB","M3","EB9 M3-1",31.12,-12.51,-2.1,0.03,0.09
"EB.9","EB","M3","EB9 M3-2",29.96,-12.54,-2.35,0.03,0.09
"EB.9","EB","M3","EB9 M3-3",28.94,-12.6,-2.25,0.03,0.09
"EB.9","EB","M3","EB9 M3-4",27.75,-12.54,-2.54,0.03,0.09
"EB.9","EB","M3","EB9 M3-5",26.53,-12.68,-2.58,0.03,0.09
"EB.9","EB","M3","EB9 M3-6",25.43,-12.7,-2.94,0.03,0.09
"EB.9","EB","M3","EB9 M3-7",24.28,-12.58,-2.99,0.03,0.09
"EB.9","EB","M3","EB9 M3-8",23.12,-12.63,-3.27,0.03,0.09
"EB.9","EB","M3","EB9 M3-9",22.09,-12.8,-3.39,0.03,0.09
"EB.9","EB","M3","EB9 M3-10",20.81,-12.66,-3.88,0.03,0.09
"EB.9","EB","M3","EB9 M3-11",19.58,-12.68,-3.99,0.03,0.09
"EB.9","EB","M3","EB9 M3-12",18.44,-12.6,-4.4,0.03,0.09
"EB.9","EB","M3","EB9 M3-13",17.3,-12.5,-4.04,0.03,0.09
"EB.9","EB","M3","EB9 M3-14",16.13,-12.3,-4.52,0.03,0.09
"EB.9","EB","M3","EB9 M3-15",14.96,-12.07,-4.48,0.03,0.09
"EB.9","EB","M3","EB9 M3-16",13.9,-12,-4.87,0.03,0.09
"EB.9","EB","M3","EB9 M3-17",12.9,-11.82,-4.93,0.03,0.09
"EB.9","EB","M3","EB9 M3-18",11.91,-11.52,-4.99,0.03,0.09
"EB.9","EB","M3","EB9 M3-19",10.69,-11.44,-5.25,0.03,0.09
"EB.9","EB","M3","EB9 M3-20",9.45,-11.21,-4.91,0.03,0.09
"EB.9","EB","M3","EB9 M3-21",8.33,-10.99,-4.21,0.03,0.09
"EB.9","EB","M3","EB9 M3-22",7.24,-11.06,-4,0.03,0.09
"EB.15","EB","M3","EB 13 M3-1",30.98,-12.38,-2.82,0.03,0.09
"EB.15","EB","M3","EB 13 M3-2",29.71,-12.59,-3.03,0.03,0.09
"EB.15","EB","M3","EB 13 M3-3",28.52,-12.63,-3.01,0.03,0.09
"EB.15","EB","M3","EB 13 M3-4",27.46,-12.68,-3.19,0.03,0.09
"EB.15","EB","M3","EB 13 M3-5",26.4,-12.52,-3.68,0.03,0.09
"EB.15","EB","M3","EB 13 M3-6",25.15,-12.6,-3.98,0.03,0.09
"EB.15","EB","M3","EB 13 M3-7",23.97,-12.47,-4.2,0.03,0.09
"EB.15","EB","M3","EB 13 M3-8",22.84,-12.47,-4.57,0.03,0.09
"EB.15","EB","M3","EB 13 M3-9",21.67,-12.4,-4.52,0.03,0.09
"EB.15","EB","M3","EB 13 M3-10",20.42,-12.38,-4.89,0.03,0.09
"EB.15","EB","M3","EB 13 M3-11",19.19,-12.46,-4.95,0.03,0.09
"EB.15","EB","M3","EB 13 M3-12",18.05,-12.48,-4.93,0.03,0.09
"EB.15","EB","M3","EB 13 M3-13",16.88,-12.53,-4.95,0.03,0.09
"EB.15","EB","M3","EB 13 M3-14",15.73,-12.56,-5.02,0.03,0.09
"EB.15","EB","M3","EB 13 M3-15",14.51,-12.4,-4.92,0.03,0.09
"EB.15","EB","M3","EB 13 M3-16",13.33,-12.46,-4.83,0.03,0.09
"EB.15","EB","M3","EB 13 M3-17",12.18,-12.47,-4.23,0.03,0.09
"EB.15","EB","M3","EB 13 M3-18",11.03,-12.53,-3.88,0.03,0.09
"EB.15","EB","M3","EB 13 M3-19",9.73,-12.4,-3.66,0.03,0.09
"EB.15","EB","M3","EB 13 M3-20",8.74,-12.44,-2.93,0.03,0.09
"EB.15","EB","M3","EB 13 M3-21",7.69,-12.44,-2.65,0.03,0.09
"EB.15","EB","M3","EB 13 M3-22",6.17,-12.49,-2.32,0.03,0.09
"EB.15","EB","M3","EB 13 M3-23",5.26,-12.76,-2.09,0.03,0.09
"EB.15","EB","M3","EB 13 M3-24",4.16,-12.76,-2.55,0.03,0.09
"EB.15","EB","M3","EB 13 M3-25",2.97,-12.74,-2.91,0.03,0.09
"POC.12/10","POC","M2","POC 12/10 M2-1",30.06,-13.31,-3.64,0.03,0.09
"POC.12/10","POC","M2","POC 12/10 M2-2",28.9,-13.34,-3.57,0.03,0.09
"POC.12/10","POC","M2","POC 12/10 M2-3",27.67,-13.41,-4.07,0.03,0.09
"POC.12/10","POC","M2","POC 12/10 M2-4",26.73,-13.58,-4.19,0.03,0.09
"POC.12/10","POC","M2","POC 12/10 M2-5",25.28,-13.61,-4.48,0.03,0.09
"POC.12/10","POC","M2","POC 12/10 M2-6",24.32,-13.7,-4.67,0.03,0.09
"POC.12/10","POC","M2","POC 12/10 M2-7",23.01,-13.76,-4.74,0.03,0.09
"POC.12/10","POC","M2","POC 12/10 M2-8",22.07,-13.93,-4.89,0.03,0.09
"POC.12/10","POC","M2","POC 12/10 M2-9",21.01,-14.01,-5,0.03,0.09
"POC.12/10","POC","M2","POC 12/10 M2-10",19.77,-14.09,-4.93,0.03,0.09
"POC.12/9","POC","M2","POC12/9 M2-1",30.65,-13.15,-3.71,0.03,0.09
"POC.12/9","POC","M2","POC12/9 M2-2",29.35,-13.16,-3.92,0.03,0.09
"POC.12/9","POC","M2","POC12/9 M2-3",28.18,-13.26,-3.87,0.03,0.09
"POC.12/9","POC","M2","POC12/9 M2-4",27.12,-13.36,-4.38,0.03,0.09
"POC.12/9","POC","M2","POC12/9 M2-5",26.25,-13.45,-4.51,0.03,0.09
"POC.12/9","POC","M2","POC12/9 M2-6",25.11,-13.58,-4.74,0.03,0.09
"POC.12/9","POC","M2","POC12/9 M2-7",23.87,-13.7,-4.87,0.03,0.09
"POC.12/9","POC","M2","POC12/9 M2-8",22.94,-13.8,-5.17,0.03,0.09
"POC.12/9","POC","M2","POC12/9 M2-9",21.75,-13.96,-5.27,0.03,0.09
"POC.12/9","POC","M2","POC12/9 M2-10",20.58,-14.08,-5.31,0.03,0.09
"POC.120","POC","M2","POC 120 M2-1",26.09,-12,-2.46,0.03,0.09
"POC.120","POC","M2","POC 120 M2-2",24.88,-11.37,-2.5,0.03,0.09
"POC.120","POC","M2","POC 120 M2-3",23.74,-10.9,-2.8,0.03,0.09
"POC.120","POC","M2","POC 120 M2-4",22.62,-10.17,-2.69,0.03,0.09
"POC.120","POC","M2","POC 120 M2-5",21.47,-9.54,-3.16,0.03,0.09
"POC.120","POC","M2","POC 120 M2-6",20.37,-9.21,-3.39,0.03,0.09
"POC.120","POC","M2","POC 120 M2-7",19.27,-8.85,-3.65,0.03,0.09
"POC.120","POC","M2","POC 120 M2-8",18.16,-8.51,-3.93,0.03,0.09
"POC.120","POC","M2","POC 120 M2-9",16.83,-8.26,-4.17,0.03,0.09
"POC.120","POC","M2","POC 120 M2-10",15.7,-7.88,-4.08,0.03,0.09
"POC.120","POC","M2","POC 120 M2-11",14.55,-7.97,-4.5,0.03,0.09
